id;name;created_by;created_date;last_modified_by;last_modified_date;deleted_on
1;speedily;uselessly alliance upon;2025-05-31T23:24:41;outside overwork;2025-05-31T09:26:43;2025-05-31T22:10:00
2;behind ack;mechanically miscalculate opposite;2025-05-31T19:20:01;what spherical;2025-05-31T08:55:35;2025-05-31T20:55:07
3;really boohoo clearly;convoke;2025-05-31T14:00:43;regular access;2025-06-01T03:18:05;2025-06-01T01:49:34
4;hm;desk of;2025-06-01T06:05:28;anti infinite blindly;2025-06-01T07:15:57;2025-05-31T21:57:14
5;um lox cop;if inasmuch modulo;2025-06-01T01:42:55;certainly;2025-05-31T13:23:29;2025-06-01T01:07:30
6;aha jovially;taro whoever tuxedo;2025-05-31T18:07:33;whose wherever apud;2025-05-31T16:27:01;2025-05-31T13:02:54
7;excluding following;pish which;2025-05-31T15:54:55;oil those till;2025-05-31T17:56:51;2025-05-31T13:33:36
8;finally;inasmuch;2025-06-01T07:15:57;velocity justly modulo;2025-06-01T07:22:09;2025-05-31T19:03:09
9;pressure from drat;providence convoke;2025-05-31T12:05:54;provided;2025-06-01T06:04:34;2025-05-31T11:33:21
10;terribly;oh;2025-05-31T17:58:59;clearly;2025-06-01T08:39:57;2025-05-31T12:05:34
