id;title;description;complain_date;added_by;assignee;resolution_comments;resolved_on;resolved_by;created_by;created_date;last_modified_by;last_modified_date;deleted_on
1;round;a before;2025-05-31T17:22:32;necessary jealously parched;below rusty;bracelet symbolise furthermore;2025-05-31T20:38:28;when;hungrily celebrated navigate;2025-06-01T06:20:55;gah illustrious;2025-05-31T20:36:29;2025-05-31T17:08:29
2;exasperation traduce;needily but properly;2025-05-31T08:47:15;cripple extroverted;pomelo where;after conservation under;2025-05-31T17:38:21;or dispose indeed;alongside guilty enormously;2025-05-31T09:46:48;ethical;2025-05-31T22:50:17;2025-06-01T05:58:34
3;likewise;colossal;2025-05-31T10:59:07;consequently ah markup;disgorge spice sign;guilty behind midst;2025-05-31T18:52:39;beside;yum scorpion;2025-05-31T13:55:05;gadzooks ouch;2025-06-01T06:53:40;2025-06-01T04:43:17
4;via;academics broadly;2025-05-31T16:18:06;stack optimistically;which;from;2025-06-01T03:11:19;vulgarise repentant mysteriously;yearningly er;2025-05-31T20:22:05;quietly;2025-06-01T04:28:00;2025-05-31T10:07:25
5;over;at;2025-05-31T19:32:49;oh;abacus rigidly tribe;limply;2025-05-31T09:18:53;forenenst;as anti;2025-05-31T15:04:20;bench plump notwithstanding;2025-05-31T18:15:09;2025-05-31T17:32:00
6;lyre rue;accidentally um;2025-05-31T12:20:51;enraged;meaningfully;often likewise;2025-06-01T07:51:18;flight;though castanet;2025-05-31T18:36:57;extricate massage arrogantly;2025-06-01T03:21:30;2025-06-01T03:16:13
7;famously;ah democratize;2025-06-01T06:55:00;austere for;gallivant supposing next;when so;2025-05-31T23:49:30;shrill riser;airmail;2025-06-01T06:13:04;instead economise until;2025-06-01T06:08:59;2025-05-31T17:44:14
8;punctual below;huzzah unbearably blah;2025-05-31T21:32:18;brown pale;pretty stoop er;embody tomography;2025-06-01T01:58:38;bandwidth geez;modulo easy;2025-05-31T23:50:02;adrenalin rudely fooey;2025-06-01T03:55:19;2025-05-31T11:50:33
9;whoa mystify barring;dulcimer;2025-06-01T01:19:45;thin;amid bah;intensely aw;2025-05-31T22:16:21;official possible why;scaffold which;2025-06-01T00:19:50;quit so that;2025-06-01T05:49:37;2025-05-31T09:07:16
10;meanwhile swathe;paintwork ah;2025-05-31T20:31:41;reassuringly form;monthly;frail heavily;2025-05-31T12:24:54;whether allocation international;separately fooey;2025-05-31T22:31:35;personalise aware fooey;2025-05-31T17:31:25;2025-06-01T00:22:47
