id;status;created_by;created_date;last_modified_by;last_modified_date;deleted_on
1;heating ha at;legging;2025-06-01T04:20:24;supposing;2025-05-31T18:49:39;2025-06-01T06:56:00
2;round yum aboard;brand;2025-05-31T19:19:36;airport unrealistic;2025-05-31T11:50:56;2025-06-01T02:43:45
3;behind;headline narrowcast;2025-05-31T10:35:18;oof;2025-06-01T04:28:02;2025-06-01T05:22:18
4;scope um contrast;whenever concerning;2025-05-31T14:54:40;parade gosh;2025-05-31T10:23:55;2025-05-31T09:12:14
5;or;ouch ah since;2025-05-31T10:40:43;once;2025-06-01T00:12:25;2025-05-31T19:42:38
6;into;kettledrum;2025-05-31T09:25:39;ah nasalise royal;2025-06-01T04:32:29;2025-05-31T19:33:09
7;powerful;minus off propound;2025-05-31T13:15:47;supposing defiantly if;2025-05-31T12:25:32;2025-05-31T17:03:58
8;deliquesce;quaff amend;2025-05-31T19:54:06;entomb fortunate;2025-05-31T14:56:42;2025-05-31T15:51:57
9;glaring;anenst glum;2025-06-01T01:53:43;exacerbate yum;2025-05-31T12:34:32;2025-05-31T16:59:43
10;smoggy;roadway the;2025-06-01T03:40:30;neglected;2025-05-31T17:34:09;2025-05-31T22:23:32
