id;title;description;created_by;created_date;last_modified_by;last_modified_date;deleted_on
1;failing meanwhile;quickly;enraged screw;2025-06-01T01:22:15;ick mill shanghai;2025-06-01T01:51:51;2025-05-31T19:10:40
2;yum plagiarise sundae;round until pish;uh-huh considering hm;2025-05-31T08:56:57;till;2025-05-31T10:54:18;2025-05-31T13:44:48
3;gallivant;overconfidently deceivingly;joyful;2025-05-31T10:18:06;skeleton dull clearly;2025-05-31T16:50:40;2025-06-01T04:42:15
4;worthy;woot;instructive;2025-05-31T22:07:02;vicinity well-documented nor;2025-05-31T09:30:36;2025-06-01T02:27:52
5;and till every;onto;near;2025-05-31T23:54:09;where not untrue;2025-05-31T21:13:54;2025-05-31T13:03:57
6;before oh;westernise zowie;clonk subtle oof;2025-05-31T12:38:19;like joshingly extent;2025-05-31T13:31:22;2025-05-31T22:58:16
7;um stale lest;oh role acidly;pfft;2025-06-01T01:55:25;hence inside;2025-06-01T08:01:22;2025-05-31T22:47:15
8;omelet yahoo;kookily furthermore;whereas midwife throughout;2025-06-01T00:56:37;polyester if seagull;2025-05-31T12:01:56;2025-05-31T11:49:48
9;toward;appreciate;sour react treble;2025-05-31T12:56:42;vibrant in fooey;2025-05-31T08:48:18;2025-06-01T07:10:56
10;sedately;famously reluctantly solidly;sans why;2025-05-31T13:13:25;fooey;2025-05-31T22:11:27;2025-06-01T07:28:50
