id;comment;added_by;created_by;created_date;last_modified_by;last_modified_date;deleted_on
1;whose;round vibrant;deduce coolly instead;2025-06-01T07:36:19;planula courageously;2025-05-31T17:03:38;2025-05-31T19:01:15
2;yowza correctly atop;yowza essential;whenever gulp;2025-05-31T14:38:41;overvalue;2025-05-31T23:48:50;2025-06-01T00:37:51
3;following muscat vamoose;until and;till stall;2025-05-31T11:22:27;haversack bah metallic;2025-05-31T23:21:40;2025-06-01T06:25:45
4;crossly trench proliferate;dispense wherever;cross-contamination;2025-06-01T02:36:06;catalog;2025-05-31T12:24:11;2025-06-01T01:32:07
5;fooey pushy next;scrap expatiate;rightfully;2025-05-31T21:33:40;for;2025-05-31T21:40:10;2025-05-31T22:52:07
6;mixture whereas;than;overtrain after as;2025-05-31T20:41:27;pleasure brr reflecting;2025-05-31T20:33:30;2025-06-01T04:58:22
7;yum;phew anenst afore;little behind;2025-05-31T21:08:02;disapprove;2025-05-31T14:50:07;2025-06-01T00:35:26
8;daintily;yowza;armoire via;2025-05-31T15:02:42;zowie;2025-05-31T11:45:11;2025-06-01T01:39:43
9;hotfoot;stale;egg modulo while;2025-06-01T01:33:12;oof uh-huh;2025-06-01T01:52:22;2025-05-31T22:31:53
10;cautious;prudent;slow nor;2025-05-31T17:19:59;unless;2025-06-01T03:45:32;2025-05-31T17:38:22
