id;name;description;created_by;created_date;last_modified_by;last_modified_date;deleted_on
1;readily harvest unto;mechanically which hydrant;frizz hefty splay;2025-06-01T07:53:35;baritone given huff;2025-05-31T08:55:09;2025-06-01T05:58:04
2;for;gee;plugin lucky viciously;2025-06-01T02:56:04;when um;2025-05-31T23:01:23;2025-05-31T18:37:59
3;winged;entrench deny;popularize past hunt;2025-05-31T18:08:01;delirious whoa;2025-05-31T14:07:01;2025-06-01T07:00:29
4;rebuke immense amazing;uh-huh furthermore peony;next absent fortunately;2025-06-01T03:36:55;upliftingly border;2025-05-31T12:01:56;2025-05-31T13:28:01
5;boohoo;meanwhile readily;barring;2025-06-01T03:47:11;advertisement who concerning;2025-06-01T05:28:00;2025-06-01T00:36:28
6;flashy aha schematise;boiling;ick courageously lava;2025-05-31T19:12:19;yesterday;2025-05-31T12:59:08;2025-05-31T21:14:24
7;which although;now;careless;2025-05-31T22:53:28;purple gee procurement;2025-05-31T18:40:06;2025-06-01T05:10:17
8;yellowish;flustered scared;glass badly;2025-05-31T15:41:23;flickering convalesce aw;2025-05-31T21:36:10;2025-05-31T23:31:14
9;anti appropriate;hm selfishly frizzy;roadway boastfully finally;2025-05-31T15:38:54;jogging;2025-05-31T18:59:37;2025-05-31T17:30:06
10;jellyfish downright;loosely colour impartial;if;2025-05-31T20:13:21;fooey;2025-05-31T13:59:07;2025-05-31T11:48:08
