id;type;created_by;created_date;last_modified_by;last_modified_date;deleted_on
1;archaeology till;amidst onto;2025-05-31T20:07:05;to stylish;2025-06-01T04:54:22;2025-06-01T02:06:11
2;misfire interestingly hmph;worth inquisitively absent;2025-05-31T17:13:05;intensely scramble aw;2025-05-31T16:10:57;2025-06-01T05:05:23
3;nor messy which;wilt consequently roadway;2025-05-31T11:30:47;finer;2025-06-01T00:48:02;2025-06-01T02:31:45
4;scrape epic;eek;2025-06-01T07:22:12;quarrel whistle tennis;2025-05-31T21:21:36;2025-06-01T05:18:37
5;toward label;quickly scale righteously;2025-05-31T18:05:06;ouch than seldom;2025-05-31T13:23:45;2025-05-31T10:46:27
6;expert;yuck yeast;2025-05-31T14:36:46;up skyline splurge;2025-05-31T18:33:34;2025-05-31T11:38:12
7;highlight terribly;overcharge;2025-06-01T04:58:32;odd;2025-05-31T22:26:34;2025-05-31T20:39:49
8;eek nectarine scrape;opposite platter;2025-05-31T17:15:04;hmph quarterly meander;2025-06-01T06:03:27;2025-06-01T05:43:25
9;taro floodlight although;psst retract trust;2025-06-01T01:15:19;openly blah;2025-05-31T12:19:55;2025-06-01T04:32:19
10;off unlike requite;knottily if printer;2025-06-01T05:47:55;worriedly but;2025-05-31T20:25:48;2025-05-31T18:00:29
