id;first_name;last_name;email;phone_number;created_by;created_date;last_modified_by;last_modified_date;deleted_on
1;Macey;Skiles;Heather_Champlin@gmail.com;gladly until simple;flowery pace;2025-05-31T22:53:00;huzzah;2025-05-31T11:01:55;2025-05-31T18:27:50
2;Hilario;Cartwright;Sherwood.Kuhn@hotmail.com;however;astride;2025-05-31T16:44:06;graft oh;2025-06-01T06:17:02;2025-05-31T12:01:05
3;Kendra;Klein;Kenna_Bashirian@hotmail.com;evenly aching;knottily consequently;2025-05-31T14:22:48;usable;2025-06-01T07:23:25;2025-05-31T12:38:14
4;Ola;Kub;Concepcion83@yahoo.com;brilliant unless;daughter;2025-05-31T16:39:12;supposing order;2025-06-01T03:01:58;2025-05-31T21:36:55
5;Adrienne;Mueller;Merle_Kub@gmail.com;unto;at of;2025-05-31T17:07:13;blight quit;2025-06-01T05:19:49;2025-05-31T19:35:06
6;Weldon;Dooley;Gus41@gmail.com;disarm;aboard loudly drat;2025-05-31T18:38:45;alongside brace bleak;2025-06-01T05:18:59;2025-05-31T10:57:51
7;Charlie;Grimes;Bart_Wiegand@gmail.com;psst rebuild;slipper;2025-05-31T23:33:33;political;2025-05-31T22:25:50;2025-06-01T05:31:50
8;Marge;Johnson;Laverne39@gmail.com;pro;comestible;2025-06-01T01:39:36;meh ew beneath;2025-05-31T15:28:56;2025-05-31T13:48:03
9;Declan;Erdman;Brennan_Gleason32@yahoo.com;preregister till now;yuck;2025-05-31T09:36:30;modulo;2025-06-01T00:01:17;2025-06-01T00:32:05
10;Raphaelle;Gulgowski;Wilma_Lynch34@yahoo.com;guzzle wherever quarterly;in;2025-06-01T06:54:55;kielbasa;2025-05-31T20:41:25;2025-05-31T13:24:29
