id;unit_number;created_by;created_date;last_modified_by;last_modified_date;deleted_on
1;apt majestically;male front;2025-05-31T15:31:20;knowledgeable;2025-05-31T12:23:28;2025-05-31T14:39:50
2;while reword;trusty;2025-06-01T05:43:30;shrilly;2025-06-01T01:22:34;2025-06-01T06:16:54
3;awareness;concerned ravioli;2025-06-01T05:07:33;for perfection;2025-05-31T16:42:33;2025-05-31T18:35:50
4;oh known;hmph castanet;2025-05-31T22:25:20;inquisitively immaculate;2025-06-01T04:01:28;2025-05-31T11:12:24
5;barring aw ew;via intend fair;2025-05-31T19:49:37;modulo;2025-05-31T11:36:50;2025-05-31T11:41:06
6;modulo;yippee;2025-05-31T12:06:42;phew wear;2025-05-31T11:46:06;2025-05-31T09:20:14
7;freezing pixellate cloudy;devil into;2025-05-31T17:41:31;consequently ecstatic;2025-05-31T19:36:47;2025-05-31T15:44:45
8;nor wholly oh;between apud;2025-05-31T13:10:10;giant;2025-05-31T10:10:54;2025-06-01T03:32:22
9;geez lazily who;unaware;2025-06-01T05:37:59;inquisitively pish wearily;2025-05-31T11:02:48;2025-05-31T11:34:01
10;finding;hence throughout little;2025-05-31T18:17:14;stall after;2025-05-31T20:15:26;2025-06-01T02:41:10
